City_ID,City,Country,Date,Lat,Lng,Max Temp,Humidity,Cloudiness,Wind Speed
0,Karaton,ID,2022-05-07 14:30:14,-6.3424,106.1045,75.22,92,99,3.33
1,Subtanjalla,PE,2022-05-07 14:30:14,-14.0189,-75.7581,71.08,65,28,4.61
2,Estelle,US,2022-05-07 14:30:15,29.8458,-90.1067,80.01,68,20,3.44
3,Temozon,MX,2022-05-07 14:30:15,20.8,-88.2167,82.49,52,76,5.79
4,Butaritari,KI,2022-05-07 14:30:16,3.0707,172.7902,81.55,77,96,10.92
5,Lyngdal,NO,2022-05-07 14:30:16,58.1376,7.07,51.89,67,22,20.69
6,Dikson,RU,2022-05-07 14:30:17,73.5069,80.5464,11.07,98,36,5.68
7,Barrow,US,2022-05-07 14:30:17,71.2906,-156.7887,21.22,93,100,12.66
8,Mount Gambier,AU,2022-05-07 14:30:18,-37.8333,140.7667,49.91,93,100,5.75
9,Leningradskiy,RU,2022-05-07 14:30:18,69.3833,178.4167,18.05,97,98,1.9
10,Hobart,AU,2022-05-07 14:30:02,-42.8794,147.3294,53.46,75,40,14.97
11,Punta Arenas,CL,2022-05-07 14:28:47,-53.15,-70.9167,50.11,71,29,30.8
12,Pisco,PE,2022-05-07 14:30:19,-13.7,-76.2167,68.05,77,22,5.75
13,Hermanus,ZA,2022-05-07 14:30:20,-34.4187,19.2345,61.81,58,34,9.82
14,Banda Aceh,ID,2022-05-07 14:30:20,5.5577,95.3222,79.43,83,99,15.82
15,Hilo,US,2022-05-07 14:28:49,19.7297,-155.09,71.33,89,100,8.05
16,Pyu,MM,2022-05-07 14:30:21,18.4833,96.4333,82.02,73,87,0.67
17,Mar Del Plata,AR,2022-05-07 14:28:39,-38.0023,-57.5575,64.87,79,0,11.5
18,Avarua,CK,2022-05-07 14:30:22,-21.2078,-159.775,75.25,94,20,2.3
19,Itoman,JP,2022-05-07 14:30:23,26.1247,127.6694,77.02,88,100,9.22
20,Hvide Sande,DK,2022-05-07 14:30:23,56.0045,8.1294,54.09,58,20,16.11
21,Swinford,IE,2022-05-07 14:30:24,53.95,-8.95,64.08,72,100,4.61
22,Esperance,AU,2022-05-07 14:30:24,-33.8667,121.9,57.04,49,46,13.24
23,Albany,US,2022-05-07 14:26:02,42.6001,-73.9662,51.33,44,100,1.01
24,Lorengau,PG,2022-05-07 14:30:25,-2.0226,147.2712,82.51,82,92,13.11
25,Turukhansk,RU,2022-05-07 14:30:25,65.8167,87.9833,21.56,90,100,23.76
26,Bloemfontein,ZA,2022-05-07 14:28:50,-29.1211,26.214,69.66,24,87,10.0
27,Vaini,TO,2022-05-07 14:30:26,-21.2,-175.2,69.96,100,75,0.0
28,Sarangani,PH,2022-05-07 14:30:27,5.4033,125.4636,83.03,80,88,20.69
29,Tasiilaq,GL,2022-05-07 14:30:27,65.6145,-37.6368,32.16,65,100,5.59
30,Meulaboh,ID,2022-05-07 14:30:28,4.1363,96.1285,77.07,89,100,3.31
31,Kloulklubed,PW,2022-05-07 14:30:28,7.0419,134.2556,77.5,78,100,16.87
32,Kesova Gora,RU,2022-05-07 14:30:29,57.5836,37.2922,57.31,60,87,13.42
33,Bria,CF,2022-05-07 14:30:29,6.5423,21.9863,85.78,52,70,2.73
34,Ushuaia,AR,2022-05-07 14:29:01,-54.8,-68.3,51.42,76,40,4.61
35,Lebu,CL,2022-05-07 14:30:30,-37.6167,-73.65,57.67,67,10,6.11
36,Rikitea,PF,2022-05-07 14:30:30,-23.1203,-134.9692,77.32,82,47,7.83
37,Severo-Kurilsk,RU,2022-05-07 14:30:31,50.6789,156.125,38.17,90,76,3.58
38,Hervey Bay,AU,2022-05-07 14:25:32,-25.2986,152.8535,71.91,87,87,6.64
39,Port Alfred,ZA,2022-05-07 14:30:31,-33.5906,26.891,64.18,94,79,4.0
40,Nizwa,OM,2022-05-07 14:30:32,22.9333,57.5333,92.66,16,0,7.2
41,Victoria,HK,2022-05-07 14:30:13,22.2855,114.1577,77.18,82,100,10.0
42,Mwingi,KE,2022-05-07 14:30:33,-0.9344,38.0601,75.45,62,87,5.95
43,Srednekolymsk,RU,2022-05-07 14:30:33,67.45,153.6833,21.52,97,97,7.27
44,Cabo San Lucas,MX,2022-05-07 14:30:34,22.8909,-109.9124,77.5,67,0,6.58
45,Georgetown,MY,2022-05-07 14:30:34,5.4112,100.3354,85.95,84,20,7.0
46,Conakry,GN,2022-05-07 14:30:35,9.538,-13.6773,82.42,71,7,8.66
47,Narsaq,GL,2022-05-07 14:31:35,60.9167,-46.05,53.82,77,100,3.49
48,East London,ZA,2022-05-07 14:31:35,-33.0153,27.9116,65.34,88,0,5.75
49,Bambous Virieux,MU,2022-05-07 14:31:36,-20.3428,57.7575,78.22,78,75,4.61
50,Cape Town,ZA,2022-05-07 14:31:36,-33.9258,18.4232,66.11,58,0,25.32
51,Carutapera,BR,2022-05-07 14:31:37,-1.195,-46.02,75.76,96,100,9.4
52,Kapaa,US,2022-05-07 14:31:37,22.0752,-159.319,75.52,83,75,16.11
53,Coihaique,CL,2022-05-07 14:29:01,-45.5752,-72.0662,56.01,87,75,5.75
54,Diego De Almagro,CL,2022-05-07 14:31:38,-26.3667,-70.05,66.65,46,100,4.52
55,Mana,GF,2022-05-07 14:31:39,5.6592,-53.7767,81.09,81,91,7.72
56,Hithadhoo,MV,2022-05-07 14:31:39,-0.6,73.0833,84.27,75,84,13.78
57,Qaanaaq,GL,2022-05-07 14:31:40,77.484,-69.3632,17.94,75,99,4.05
58,Aklavik,CA,2022-05-07 14:31:40,68.2191,-135.0107,32.0,74,40,8.05
59,Bartow,US,2022-05-07 14:27:53,27.8964,-81.8431,84.15,75,40,11.5
60,Ancud,CL,2022-05-07 14:31:41,-41.8697,-73.8203,55.35,83,100,14.61
61,Nirmal,IN,2022-05-07 14:31:41,19.1,78.35,97.09,20,91,4.7
62,Graciano Sanchez,MX,2022-05-07 14:31:42,23.9167,-99.2833,79.75,49,2,3.76
63,Busselton,AU,2022-05-07 14:31:42,-33.65,115.3333,59.43,69,52,4.99
64,Klaksvik,FO,2022-05-07 14:31:43,62.2266,-6.589,49.12,67,99,10.07
65,Kodiak,US,2022-05-07 14:31:43,57.79,-152.4072,36.91,75,0,6.91
66,Yellowknife,CA,2022-05-07 14:31:44,62.456,-114.3525,37.92,100,100,29.93
67,Nichinan,JP,2022-05-07 14:31:44,31.6,131.3667,65.91,93,91,4.25
68,Ostrovnoy,RU,2022-05-07 14:31:45,68.0531,39.5131,40.82,100,100,20.62
69,Khatanga,RU,2022-05-07 14:31:45,71.9667,102.5,0.37,99,14,6.33
70,Suluq,LY,2022-05-07 14:31:46,31.6682,20.2521,82.13,21,0,19.08
71,Jasper,US,2022-05-07 14:31:46,37.2001,-94.3502,64.24,75,0,9.22
72,Grand Gaube,MU,2022-05-07 14:31:47,-20.0064,57.6608,78.39,73,8,5.01
73,Kostomuksha,RU,2022-05-07 14:31:47,64.571,30.5767,36.5,96,100,10.33
74,Carauari,BR,2022-05-07 14:31:48,-4.8828,-66.8958,77.23,92,100,1.77
75,Westport,US,2022-05-07 14:30:24,41.1415,-73.3579,50.43,92,100,14.97
76,Zambezi,ZM,2022-05-07 14:31:48,-13.5432,23.1047,78.12,51,97,3.78
77,Vyyezdnoye,RU,2022-05-07 14:31:49,55.3815,43.7864,54.86,55,91,7.61
78,Atuona,PF,2022-05-07 14:31:49,-9.8,-139.0333,78.15,70,19,14.88
79,Aksarka,RU,2022-05-07 14:31:50,66.5606,67.7975,25.45,91,60,7.56
80,Vanimo,PG,2022-05-07 14:31:50,-2.6741,141.3028,79.54,90,87,6.2
81,Nikolskoye,RU,2022-05-07 14:31:51,59.7035,30.7861,62.87,63,26,11.05
82,Mataura,NZ,2022-05-07 14:31:51,-46.1927,168.8643,60.48,89,99,3.22
83,Valdosta,US,2022-05-07 14:27:29,30.8327,-83.2785,74.91,67,0,12.66
84,Gamba,GA,2022-05-07 14:31:52,-2.65,10.0,80.31,76,100,4.25
85,New Norfolk,AU,2022-05-07 14:31:52,-42.7826,147.0587,53.1,67,36,1.01
86,Spearfish,US,2022-05-07 14:29:54,44.4908,-103.8594,72.21,27,0,12.66
87,Puerto Ayora,EC,2022-05-07 14:31:54,-0.7393,-90.3518,73.36,83,41,7.74
88,Saldanha,ZA,2022-05-07 14:31:54,-33.0117,17.9442,66.25,66,1,24.81
89,Ribeira Grande,PT,2022-05-07 14:31:55,38.5167,-28.7,64.8,72,20,8.05
90,Bluff,NZ,2022-05-07 14:31:55,-46.6,168.3333,60.8,77,88,11.18
91,Okhotsk,RU,2022-05-07 14:31:56,59.3833,143.3,32.67,76,7,9.33
92,Mehamn,NO,2022-05-07 14:31:56,71.0357,27.8492,37.83,85,36,28.48
93,Neiafu,TO,2022-05-07 14:32:57,-18.65,-173.9833,75.79,86,75,13.11
94,Atasu,KZ,2022-05-07 14:32:57,48.6814,71.6433,53.89,44,11,16.11
95,Moose Factory,CA,2022-05-07 14:32:58,51.2585,-80.6094,41.0,60,0,2.3
96,Chapais,CA,2022-05-07 14:32:58,49.7834,-74.8492,37.18,51,16,5.39
97,Bor,RU,2022-05-07 14:32:59,56.3567,44.0669,62.53,49,75,9.75
98,Sao Filipe,CV,2022-05-07 14:32:59,14.8961,-24.4956,73.85,80,33,13.31
99,Henties Bay,NA,2022-05-07 14:32:59,-22.116,14.2845,60.57,80,0,20.02
100,Dzhebariki-Khaya,RU,2022-05-07 14:33:00,62.2167,135.8,33.15,97,99,6.11
101,Lagoa,PT,2022-05-07 14:33:01,39.05,-27.9833,60.1,66,85,3.44
102,Ljungby,SE,2022-05-07 14:33:01,56.8332,13.9408,60.17,35,7,12.91
103,Luanda,AO,2022-05-07 14:33:02,-8.8368,13.2343,82.4,78,20,10.36
104,Upernavik,GL,2022-05-07 14:33:02,72.7868,-56.1549,17.89,64,1,5.57
105,Salalah,OM,2022-05-07 14:33:03,17.0151,54.0924,86.09,74,20,10.36
106,Dawei,MM,2022-05-07 14:33:03,14.0833,98.2,80.17,88,100,4.88
107,Koryazhma,RU,2022-05-07 14:33:04,61.3143,47.1691,57.51,52,96,8.3
108,Saint-Paul,RE,2022-05-07 14:33:04,-21.0096,55.2707,78.91,77,79,1.86
109,Adrar,MR,2022-05-07 14:33:05,20.5022,-10.0711,102.47,9,7,4.68
110,Halifax,CA,2022-05-07 14:29:33,44.6453,-63.5724,49.68,48,36,5.75
111,Padang,ID,2022-05-07 14:33:06,-0.9492,100.3543,75.25,91,100,4.05
112,Pitea,SE,2022-05-07 14:33:06,65.3172,21.4794,51.89,50,93,12.84
113,Saint-Philippe,RE,2022-05-07 14:33:07,-21.3585,55.7679,78.39,80,38,14.52
114,Olafsvik,IS,2022-05-07 14:33:07,64.8945,-23.7142,43.41,83,100,17.78
115,Provideniya,RU,2022-05-07 14:33:08,64.3833,-173.3,30.38,96,99,7.76
116,Norman Wells,CA,2022-05-07 14:33:08,65.282,-126.8329,37.44,70,100,4.61
117,Katima Mulilo,NA,2022-05-07 14:33:09,-17.5,24.2667,78.85,34,93,4.05
118,Cayenne,GF,2022-05-07 14:33:09,4.9333,-52.3333,80.1,1,75,3.44
119,Tiksi,RU,2022-05-07 14:33:10,71.6872,128.8694,8.29,94,16,8.23
120,Hasaki,JP,2022-05-07 14:33:11,35.7333,140.8333,63.0,88,100,2.42
121,Abha,SA,2022-05-07 14:33:11,18.2164,42.5053,76.82,47,40,9.22
122,Sioux Lookout,CA,2022-05-07 14:33:12,50.1001,-91.917,48.27,49,75,9.22
123,Quatre Cocos,MU,2022-05-07 14:33:12,-20.2078,57.7625,78.1,79,26,14.79
124,Kainantu,PG,2022-05-07 14:33:13,-6.2887,145.8655,58.75,96,79,1.66
125,Tigre,AR,2022-05-07 14:33:13,-34.426,-58.5796,71.2,74,0,9.22
126,Luderitz,NA,2022-05-07 14:33:14,-26.6481,15.1594,63.75,57,0,29.39
127,Hami,CN,2022-05-07 14:33:14,42.8,93.45,77.34,24,1,2.73
128,Grand-Santi,GF,2022-05-07 14:29:21,4.25,-54.3833,79.03,92,98,1.92
129,Chuy,UY,2022-05-07 14:33:15,-33.6971,-53.4616,68.61,60,0,2.68
130,Port Hedland,AU,2022-05-07 14:33:15,-20.3167,118.5667,73.45,83,0,4.61
131,Sakakah,SA,2022-05-07 14:33:16,29.9697,40.2064,78.37,15,0,13.76
132,Bolkhov,RU,2022-05-07 14:33:16,53.4433,36.0044,55.72,67,99,10.02
133,Viedma,AR,2022-05-07 14:33:21,-40.8135,-62.9967,70.38,32,6,17.87
134,Arraial Do Cabo,BR,2022-05-07 14:33:22,-22.9661,-42.0278,76.96,73,40,16.11
135,Kurilsk,RU,2022-05-07 14:33:22,45.2333,147.8833,48.02,92,90,20.02
136,Paita,PE,2022-05-07 14:33:23,-5.0892,-81.1144,71.49,72,4,11.83
137,Oktyabrskoye,RU,2022-05-07 14:33:23,43.0645,44.7417,42.94,100,100,8.95
138,San Quintin,MX,2022-05-07 14:33:24,30.4833,-115.95,61.93,79,56,9.42
139,Itako,JP,2022-05-07 14:33:24,35.9333,140.55,63.05,99,100,2.57
140,Souillac,MU,2022-05-07 14:33:25,-20.5167,57.5167,77.38,78,75,4.61
141,Faanui,PF,2022-05-07 14:34:25,-16.4833,-151.75,80.83,77,12,6.33
142,Sobolevo,RU,2022-05-07 14:34:26,54.4299,31.8996,56.53,68,97,14.18
143,Karatau,KZ,2022-05-07 14:34:26,43.1667,70.4667,72.79,32,1,5.12
144,Kruisfontein,ZA,2022-05-07 14:34:27,-34.0033,24.7314,56.88,90,100,6.62
145,Ponta Do Sol,PT,2022-05-07 14:34:27,32.6667,-17.1,72.12,57,83,5.82
146,Chokurdakh,RU,2022-05-07 14:34:27,70.6333,147.9167,24.8,97,100,9.22
147,Pacific Grove,US,2022-05-07 14:33:27,36.6177,-121.9166,56.89,87,0,10.0
148,Acari,PE,2022-05-07 14:34:28,-15.4311,-74.6158,75.0,64,38,7.11
149,Jamestown,US,2022-05-07 14:32:01,42.097,-79.2353,55.02,56,0,16.11
150,Saint George,US,2022-05-07 14:29:41,37.1041,-113.5841,74.79,20,0,4.0
151,San Vicente,AR,2022-05-07 14:30:48,-26.6167,-54.1333,71.02,38,62,1.39
152,Gimli,CA,2022-05-07 14:34:29,50.6336,-96.9907,41.02,93,47,10.36
153,Bredasdorp,ZA,2022-05-07 14:34:30,-34.5322,20.0403,60.08,59,16,8.9
154,Kananga,CD,2022-05-07 14:34:30,-5.8958,22.4178,82.4,62,98,2.06
155,Bilibino,RU,2022-05-07 14:34:31,68.0546,166.4372,20.77,97,94,2.39
156,Thompson,CA,2022-05-07 14:34:31,55.7435,-97.8558,53.76,66,20,9.22
157,Torbay,CA,2022-05-07 14:34:32,47.6666,-52.7314,42.89,70,100,16.11
158,Alice Springs,AU,2022-05-07 14:34:32,-23.7,133.8833,42.35,56,0,3.44
159,Anjozorobe,MG,2022-05-07 14:34:33,-18.4,47.8667,64.08,89,73,5.39
160,Volnovakha,UA,2022-05-07 14:34:33,47.601,37.4967,56.86,44,51,10.07
161,Bethel,US,2022-05-07 14:34:34,41.3712,-73.414,50.09,79,100,10.36
162,Nanortalik,GL,2022-05-07 14:34:34,60.1432,-45.2371,40.26,73,100,3.67
163,Vysokogornyy,RU,2022-05-07 14:34:35,50.1167,139.15,31.44,93,100,4.47
164,Vitim,RU,2022-05-07 14:34:35,59.4511,112.5578,34.11,92,98,4.27
165,Puerto Del Rosario,ES,2022-05-07 14:34:36,28.5004,-13.8627,73.15,68,0,16.11
166,Flinders,AU,2022-05-07 14:31:54,-34.5833,150.8552,57.18,62,0,11.99
167,Touros,BR,2022-05-07 14:34:36,-5.1989,-35.4608,81.7,79,93,14.52
168,Bengkulu,ID,2022-05-07 14:34:37,-3.8004,102.2655,78.21,88,100,12.17
169,Harper,LR,2022-05-07 14:34:38,4.375,-7.7169,83.7,73,93,5.84
170,Ilulissat,GL,2022-05-07 14:34:38,69.2167,-51.1,28.42,54,20,2.3
171,Prince Rupert,CA,2022-05-07 14:34:39,54.3161,-130.3201,44.29,88,100,8.05
172,Mikumi,TZ,2022-05-07 14:34:39,-7.4041,36.9831,74.75,79,36,4.47
173,Vaitape,PF,2022-05-07 14:34:40,-16.5167,-151.75,80.8,77,12,6.29
174,Pangai,TO,2022-05-07 14:34:40,-19.8,-174.35,74.66,77,100,3.53
175,Yarim,YE,2022-05-07 14:34:40,14.298,44.3779,65.73,49,92,8.93
176,Show Low,US,2022-05-07 14:34:41,34.2542,-110.0298,64.0,20,0,17.27
177,Ugoofaaru,MV,2022-05-07 14:34:41,5.6667,73.0,85.19,72,100,12.33
178,Bubaque,GW,2022-05-07 14:34:42,11.2833,-15.8333,78.17,74,2,11.39
179,Trincomalee,LK,2022-05-07 14:34:42,8.5711,81.2335,79.09,67,100,7.58
180,Davlekanovo,RU,2022-05-07 14:32:20,54.2215,55.0343,53.74,50,40,1.21
181,Sur,OM,2022-05-07 14:34:43,22.5667,59.5289,89.8,50,0,11.65
182,Marzuq,YE,2022-05-07 14:34:44,14.4,46.4667,85.21,27,39,13.53
183,Turinsk,RU,2022-05-07 14:34:44,58.0458,63.696,48.25,73,93,10.85
184,Qidong,CN,2022-05-07 14:34:45,31.8128,121.6561,62.92,85,100,11.36
185,Salinopolis,BR,2022-05-07 14:34:45,-0.6136,-47.3561,79.41,86,100,8.41
186,Neiba,DO,2022-05-07 14:34:46,18.5,-71.4167,81.18,55,8,6.89
187,Inverell,AU,2022-05-07 14:34:46,-29.7833,151.1167,44.17,83,93,3.0
188,Walvis Bay,NA,2022-05-07 14:35:46,-22.9575,14.5053,62.1,62,3,25.57
189,Tuktoyaktuk,CA,2022-05-07 14:35:47,69.4541,-133.0374,28.4,93,100,5.75
190,Laguna,US,2022-05-07 14:35:47,38.421,-121.4238,57.15,83,0,6.91
191,Broken Hill,AU,2022-05-07 14:32:35,-31.95,141.4333,44.31,81,0,0.0
192,Boca Raton,US,2022-05-07 14:35:48,26.3587,-80.0831,88.02,71,40,16.11
193,Sabha,LY,2022-05-07 14:35:49,27.0377,14.4283,89.91,14,75,7.07
194,Kavaratti,IN,2022-05-07 14:35:49,10.5669,72.642,84.92,71,9,13.98
195,Necochea,AR,2022-05-07 14:31:34,-38.5473,-58.7368,67.86,53,100,12.84
196,Chincha Alta,PE,2022-05-07 14:35:50,-13.4099,-76.1323,66.79,78,32,3.71
197,Yulara,AU,2022-05-07 14:35:50,-25.2406,130.9889,51.64,43,0,8.05
198,Kattivakkam,IN,2022-05-07 14:35:51,13.2167,80.3167,88.07,87,86,7.74
199,Cherskiy,RU,2022-05-07 14:35:51,68.75,161.3,27.54,98,100,1.54
200,Grindavik,IS,2022-05-07 14:35:52,63.8424,-22.4338,48.15,71,75,21.85
201,Qaqortoq,GL,2022-05-07 14:35:53,60.7167,-46.0333,42.04,63,100,4.7
202,Alice,US,2022-05-07 14:35:53,27.7523,-98.0697,81.97,74,100,16.11
203,Lavrentiya,RU,2022-05-07 14:35:54,65.5833,-171.0,18.52,98,95,3.94
204,Mount Darwin,ZW,2022-05-07 14:35:54,-16.7725,31.5838,75.13,47,73,3.56
205,Agadez,NE,2022-05-07 14:35:55,19.75,10.25,104.16,8,70,5.55
206,Dandong,CN,2022-05-07 14:35:55,40.1292,124.3947,50.2,33,100,4.92
207,Kapit,MY,2022-05-07 14:35:56,2.0167,112.9333,76.35,97,100,0.94
208,Bintulu,MY,2022-05-07 14:35:56,3.1667,113.0333,79.21,94,40,0.0
209,Carnarvon,AU,2022-05-07 14:35:53,-24.8667,113.6333,66.27,68,17,0.0
210,Miramar,US,2022-05-07 14:35:57,25.9873,-80.2323,90.01,67,0,14.97
211,Mount Isa,AU,2022-05-07 14:35:57,-20.7333,139.5,64.17,34,0,10.36
212,Hargeysa,SO,2022-05-07 14:35:58,9.56,44.065,83.93,27,58,14.83
213,Auki,SB,2022-05-07 14:35:58,-8.7676,160.7034,78.12,89,68,4.21
214,Lompoc,US,2022-05-07 14:35:59,34.6391,-120.4579,54.79,89,100,27.0
215,Korla,CN,2022-05-07 14:35:59,41.7597,86.1469,80.46,25,40,1.66
216,Eenhana,NA,2022-05-07 14:36:00,-17.4667,16.3333,83.41,19,6,7.92
217,Belyy Yar,RU,2022-05-07 14:36:00,53.6039,91.3903,48.09,49,0,17.9
218,Antsohihy,MG,2022-05-07 14:36:01,-14.8796,47.9875,80.33,73,74,3.47
219,Broome,US,2022-05-07 14:36:01,42.2506,-75.833,53.42,38,0,11.5
220,Ahipara,NZ,2022-05-07 14:36:02,-35.1667,173.1667,56.44,82,71,3.11
221,Arlit,NE,2022-05-07 14:36:02,18.7369,7.3853,105.84,8,100,16.55
222,Chernolesskoye,RU,2022-05-07 14:36:03,44.7156,43.7133,46.58,81,100,3.29
223,Imeni Poliny Osipenko,RU,2022-05-07 14:36:05,52.4201,136.4853,30.07,90,1,5.99
224,Celina,US,2022-05-07 14:36:06,40.5489,-84.5702,55.06,64,94,19.89
225,Aden,YE,2022-05-07 14:36:06,12.7794,45.0367,86.2,69,7,6.11
226,Saint-Joseph,RE,2022-05-07 14:36:07,-21.3667,55.6167,77.38,78,32,13.62
227,Castro,BR,2022-05-07 14:36:07,-24.7911,-50.0119,63.19,53,63,5.06
228,Sibolga,ID,2022-05-07 14:36:08,1.7427,98.7792,76.05,90,100,2.17
229,Rathkeale,IE,2022-05-07 14:36:08,52.5244,-8.9381,67.64,59,75,6.91
230,Pitsunda,GE,2022-05-07 14:37:09,43.1592,40.3378,55.58,89,100,2.64
231,Krasnogvardeyets,RU,2022-05-07 14:37:09,52.6804,52.3635,53.46,48,4,6.6
232,Marovoay,MG,2022-05-07 14:37:10,-16.1,46.6333,85.57,54,74,1.07
233,Pevek,RU,2022-05-07 14:37:10,69.7008,170.3133,19.85,100,99,5.48
234,Garowe,SO,2022-05-07 14:37:11,8.4054,48.4845,91.71,38,96,11.9
235,Faya,SA,2022-05-07 14:37:11,18.3851,42.4509,77.11,49,7,8.9
236,Christchurch,NZ,2022-05-07 14:37:12,-43.5333,172.6333,61.48,87,85,5.75
237,Mahebourg,MU,2022-05-07 14:37:13,-20.4081,57.7,78.26,78,75,4.61
238,Preobrazheniye,RU,2022-05-07 14:37:13,42.9019,133.9064,42.98,64,0,8.99
239,Wairoa,NZ,2022-05-07 14:37:14,-39.0333,177.3667,48.54,97,38,4.0
240,Xacmaz,AZ,2022-05-07 14:37:14,41.4635,48.806,55.2,84,68,15.64
241,Bastrop,US,2022-05-07 14:37:15,32.7562,-91.8724,71.69,74,0,1.01
242,Petropavlovsk-Kamchatskiy,RU,2022-05-07 14:37:15,53.0452,158.6483,34.39,87,94,4.47
243,Morros,BR,2022-05-07 14:37:16,-9.4467,-46.3003,89.92,36,7,8.68
244,Iqaluit,CA,2022-05-07 14:36:46,63.7506,-68.5145,20.93,63,75,9.22
245,Isangel,VU,2022-05-07 14:37:06,-19.55,169.2667,75.74,74,16,16.93
246,Namibe,AO,2022-05-07 14:37:17,-15.1961,12.1522,83.03,54,0,17.27
247,Doembang Nangbuat,TH,2022-05-07 14:37:17,14.8333,100.1,82.06,92,99,4.52
248,Hobyo,SO,2022-05-07 14:37:18,5.3505,48.5268,83.86,79,58,18.01
249,Vrangel,RU,2022-05-07 14:37:18,42.7297,133.0839,44.64,65,2,9.17
250,Port-Gentil,GA,2022-05-07 14:37:19,-0.7193,8.7815,82.36,83,75,4.61
251,Richards Bay,ZA,2022-05-07 14:33:06,-28.783,32.0377,70.7,86,0,5.17
252,Labuhan,ID,2022-05-07 14:37:20,-6.8844,112.2051,80.62,85,87,4.88
253,Ahuimanu,US,2022-05-07 14:37:20,21.4447,-157.8378,74.91,76,100,14.97
254,Aasiaat,GL,2022-05-07 14:37:21,68.7098,-52.8699,21.04,84,56,4.43
255,Santa Cruz,BO,2022-05-07 14:37:21,-17.8,-63.1667,77.05,44,40,14.97
256,Longyearbyen,SJ,2022-05-07 14:37:22,78.2186,15.6401,19.24,73,75,18.41
257,Nebolchi,RU,2022-05-07 14:37:22,59.1239,33.3454,57.6,70,29,11.25
258,Svarstad,NO,2022-05-07 14:37:23,59.399,9.9698,60.94,26,69,0.87
259,Katsuura,JP,2022-05-07 14:37:23,35.1333,140.3,62.28,91,97,4.47
260,Abu Samrah,SY,2022-05-07 14:37:24,35.3029,37.1841,66.31,36,23,21.61
261,Jambi,ID,2022-05-07 14:37:24,-1.6,103.6167,76.84,97,100,3.06
262,Kutum,SD,2022-05-07 14:37:25,14.2,24.6667,94.08,6,99,8.95
263,Samsun,TR,2022-05-07 14:37:25,41.25,36.3333,52.99,76,75,17.27
264,Iquitos,PE,2022-05-07 14:35:04,-3.7481,-73.2472,78.84,83,75,2.3
265,Dieppe,FR,2022-05-07 14:37:26,49.75,1.1667,65.08,68,62,1.99
266,Kalabo,ZM,2022-05-07 14:37:27,-14.97,22.6814,82.63,36,74,2.48
267,Manjakandriana,MG,2022-05-07 14:37:27,-18.9167,47.8,67.69,95,66,5.5
268,Kieta,PG,2022-05-07 14:37:28,-6.2167,155.6333,79.03,84,98,3.69
269,Bilma,NE,2022-05-07 14:37:28,18.6853,12.9164,105.33,8,92,2.98
270,Port Lincoln,AU,2022-05-07 14:37:29,-34.7333,135.8667,56.55,78,12,2.44
271,Aquiraz,BR,2022-05-07 14:37:29,-3.9014,-38.3911,86.18,68,100,10.76
272,Saint-Augustin,CA,2022-05-07 14:37:30,51.226,-58.6502,38.57,49,99,16.67
273,Piet Retief,ZA,2022-05-07 14:37:30,-27.0071,30.8132,63.95,39,5,0.43
274,Chiredzi,ZW,2022-05-07 14:37:31,-21.05,31.6667,77.79,40,0,0.96
275,Umm Kaddadah,SD,2022-05-07 14:38:31,13.6017,26.6876,99.55,6,100,11.27
276,Douglas,US,2022-05-07 14:36:48,41.3,-96.167,61.36,70,0,16.11
277,Kahului,US,2022-05-07 14:38:32,20.8947,-156.47,75.22,70,20,16.11
278,Eureka,US,2022-05-07 14:38:32,40.8021,-124.1637,51.93,94,79,1.99
279,San Policarpo,PH,2022-05-07 14:38:33,12.1791,125.5072,81.59,83,12,10.83
280,Hambantota,LK,2022-05-07 14:36:38,6.1241,81.1185,84.54,84,75,8.05
281,Bom Despacho,BR,2022-05-07 14:38:33,-19.7364,-45.2522,77.72,59,10,5.44
282,Hailar,CN,2022-05-07 14:38:34,49.2,119.7,48.13,20,63,10.36
283,Port Elizabeth,ZA,2022-05-07 14:38:34,-33.918,25.5701,61.09,96,100,6.91
284,Miles City,US,2022-05-07 14:38:35,46.4083,-105.8406,56.37,62,20,12.66
285,Neyshabur,IR,2022-05-07 14:38:35,36.2133,58.7958,82.65,21,25,3.15
286,Montepuez,MZ,2022-05-07 14:38:36,-13.1256,38.9997,73.02,78,93,4.9
287,Kamaishi,JP,2022-05-07 14:38:37,39.2667,141.8833,54.3,98,100,8.1
288,Anito,PH,2022-05-07 14:38:37,12.4497,125.2886,79.88,88,10,8.12
289,Arica,CL,2022-05-07 14:38:38,-18.475,-70.3042,64.63,72,100,2.3
290,Upata,VE,2022-05-07 14:38:38,8.0086,-62.3989,72.19,77,98,1.99
291,Tuatapere,NZ,2022-05-07 14:38:39,-46.1333,167.6833,54.03,90,73,5.75
292,Nelson Bay,AU,2022-05-07 14:38:39,-32.7167,152.15,55.09,81,99,1.01
293,Abbeville,FR,2022-05-07 14:38:40,50.1,1.8333,66.49,71,67,8.21
294,Orda,RU,2022-05-07 14:38:40,57.1951,56.9091,50.95,66,69,8.79
295,Cartagena Del Chaira,CO,2022-05-07 14:38:21,1.3349,-74.8429,77.4,82,88,2.13
296,Sitka,US,2022-05-07 14:34:48,57.0531,-135.33,35.49,87,20,3.44
297,Jashpurnagar,IN,2022-05-07 14:38:41,22.9,84.15,81.91,23,8,8.14
298,Gat,IL,2022-05-07 14:38:41,31.61,34.7642,72.39,42,26,11.5
299,Miraflores,MX,2022-05-07 14:38:42,19.2167,-98.8083,66.02,41,14,1.74
300,Luoyang,CN,2022-05-07 14:38:43,34.6836,112.4536,60.28,42,67,10.85
301,Basco,PH,2022-05-07 14:38:43,20.4487,121.9702,82.27,81,93,14.67
302,Deogarh,IN,2022-05-07 14:38:44,21.5333,84.7333,90.36,37,97,11.61
303,Namatanai,PG,2022-05-07 14:37:51,-3.6667,152.4333,79.57,84,36,8.81
304,Cap Malheureux,MU,2022-05-07 14:38:44,-19.9842,57.6142,78.48,72,6,7.0
305,Mantua,IT,2022-05-07 14:38:45,45.1667,10.7833,66.97,77,100,7.0
306,Jumla,NP,2022-05-07 14:38:45,29.2747,82.1838,55.36,82,72,2.86
307,Liverpool,GB,2022-05-07 14:38:46,53.4106,-2.9779,64.38,65,40,13.8
308,Jacqueville,CI,2022-05-07 14:38:46,5.2052,-4.4146,82.4,76,98,10.25
309,Usinsk,RU,2022-05-07 14:36:10,65.9939,57.5281,35.31,100,100,12.08
310,Los Llanos De Aridane,ES,2022-05-07 14:38:47,28.6585,-17.9182,70.12,69,20,14.97
311,Asbe Teferi,ET,2022-05-07 14:38:47,9.0833,40.8667,76.98,30,79,7.81
312,Gizo,SB,2022-05-07 14:38:48,-8.103,156.8419,82.76,78,68,8.21
313,Nola,IT,2022-05-07 14:38:48,40.922,14.5329,65.05,67,100,11.01
314,Brigantine,US,2022-05-07 14:38:49,39.4101,-74.3646,50.2,97,100,32.3
315,Bichura,RU,2022-05-07 14:38:49,50.5881,107.6022,44.73,69,24,4.94
316,Huarmey,PE,2022-05-07 14:36:57,-10.0681,-78.1522,69.22,79,7,7.45
317,Tecoanapa,MX,2022-05-07 14:38:50,16.5167,-98.75,83.53,54,77,1.32
318,Narbonne,FR,2022-05-07 14:38:50,43.0833,2.8333,76.03,30,90,20.94
319,Matagami,CA,2022-05-07 14:38:52,49.7502,-77.6328,41.11,30,0,3.44
320,La Palma,US,2022-05-07 14:38:52,33.8464,-118.0467,64.96,82,75,6.91
321,Khadyzhensk,RU,2022-05-07 14:39:57,44.4256,39.5319,45.66,86,100,8.5
322,De Aar,ZA,2022-05-07 14:39:58,-30.6497,24.0123,62.67,42,71,8.57
323,Safford,US,2022-05-07 14:37:51,32.834,-109.7076,80.11,15,0,0.0
324,Dayong,CN,2022-05-07 14:39:58,25.0209,118.2898,69.69,93,100,3.78
325,Santa Maria,BR,2022-05-07 14:39:59,-29.6842,-53.8069,54.7,100,100,2.3
326,Keti Bandar,PK,2022-05-07 14:39:59,24.1447,67.4497,82.56,75,0,13.56
327,Sangar,RU,2022-05-07 14:40:00,63.9242,127.4739,22.59,96,100,2.89
328,Moree,AU,2022-05-07 14:40:00,-29.4667,149.85,48.22,76,100,6.91
329,Barstow,US,2022-05-07 14:40:01,34.8986,-117.0228,68.99,48,43,16.51
330,Kavieng,PG,2022-05-07 14:36:01,-2.5744,150.7967,82.2,80,45,15.14
331,Chicama,PE,2022-05-07 14:40:01,-7.8447,-79.1469,59.54,70,12,7.45
332,Mzimba,MW,2022-05-07 14:40:02,-11.9,33.6,67.24,76,76,8.05
333,Kouango,CF,2022-05-07 14:40:03,4.9934,19.9619,88.45,46,67,1.43
334,Zarya,RU,2022-05-07 14:40:03,55.7553,38.0958,66.38,53,93,10.63
335,Izmit,TR,2022-05-07 14:40:04,40.7669,29.9169,64.38,59,40,6.91
336,Pitiquito,MX,2022-05-07 14:40:04,30.7,-112.0833,83.44,9,0,8.7
337,Ullal,IN,2022-05-07 14:40:05,12.8,74.85,86.95,70,20,8.05
338,Marsaxlokk,MT,2022-05-07 14:40:05,35.8419,14.5431,66.81,63,20,12.66
339,Pozo Colorado,PY,2022-05-07 14:40:06,-23.4923,-58.7972,80.56,43,5,4.36
340,Mushie,CD,2022-05-07 14:40:06,-3.0167,16.9,78.4,88,100,3.6
341,Nileshwar,IN,2022-05-07 14:40:07,12.25,75.1,81.95,77,77,5.84
342,Suntar,RU,2022-05-07 14:40:07,62.1444,117.6319,36.05,92,100,5.84
343,Campbellford,CA,2022-05-07 14:40:08,44.3084,-77.7995,54.19,31,13,4.0
344,Saint Anthony,US,2022-05-07 14:40:08,45.0205,-93.218,64.26,60,0,11.5
345,Havelock,US,2022-05-07 14:38:05,34.8791,-76.9013,77.99,64,40,11.01
346,Kirakira,SB,2022-05-07 14:40:09,-10.4544,161.9205,80.37,85,41,9.4
347,Durban,ZA,2022-05-07 14:39:14,-29.8579,31.0292,74.93,87,81,7.0
348,Storozhevaya,RU,2022-05-07 14:40:10,43.8789,41.4514,39.88,99,100,3.53
349,Sao Benedito Do Rio Preto,BR,2022-05-07 14:40:10,-3.3336,-43.5283,88.86,57,75,3.94
350,Berlevag,NO,2022-05-07 14:40:11,70.8578,29.0864,42.6,81,10,28.79
351,Surt,LY,2022-05-07 14:40:11,31.2089,16.5887,68.32,59,2,12.68
352,Aykhal,RU,2022-05-07 14:40:12,66.0,111.5,31.33,100,100,5.97
353,Peniche,PT,2022-05-07 14:37:18,39.3558,-9.3811,81.09,76,96,9.73
354,Doume,CM,2022-05-07 14:40:12,4.2333,13.45,84.07,56,100,1.5
355,Talnakh,RU,2022-05-07 14:40:13,69.4865,88.3972,11.21,81,51,15.73
356,Port Augusta,AU,2022-05-07 14:40:14,-32.5,137.7667,53.73,55,0,4.12
357,Byron Bay,AU,2022-05-07 14:40:14,-28.65,153.6167,62.94,93,100,9.55
358,Airai,TL,2022-05-07 14:40:15,-8.9266,125.4092,60.53,96,47,3.94
359,Sidi Ali,DZ,2022-05-07 14:40:15,36.0998,0.4206,67.62,45,90,12.62
360,San Pedro,PH,2022-05-07 14:40:16,14.35,121.0167,85.35,72,20,8.05
361,Santa Cruz De Tenerife,ES,2022-05-07 14:40:16,28.4682,-16.2546,80.58,65,0,9.22
362,Padina,RS,2022-05-07 14:40:17,45.1181,20.7272,69.66,40,100,11.59
363,Kaitangata,NZ,2022-05-07 14:40:17,-46.2817,169.8464,55.02,81,100,3.51
364,Gatton,AU,2022-05-07 14:40:18,-27.55,152.2833,58.14,93,100,3.42
365,Andenes,NO,2022-05-07 14:40:18,69.3143,16.1194,37.38,70,75,27.63
366,Corner Brook,CA,2022-05-07 14:40:00,48.9667,-57.9484,35.76,58,100,12.95
367,Dingle,PH,2022-05-07 14:40:19,10.9995,122.6711,79.74,83,8,7.54
368,Brodokalmak,RU,2022-05-07 14:40:19,55.5748,62.082,59.9,45,69,6.98
369,Colesberg,ZA,2022-05-07 14:40:20,-30.72,25.0972,59.5,52,80,20.71
370,Staunton,US,2022-05-07 14:41:20,38.1496,-79.0717,51.96,90,100,13.8
371,Baruun-Urt,MN,2022-05-07 14:41:21,46.6806,113.2792,42.78,23,100,4.09
372,Kuntaur,GM,2022-05-07 14:41:21,13.6667,-14.8833,111.6,8,5,9.22
373,Great Bend,US,2022-05-07 14:41:22,38.3645,-98.7648,65.61,83,0,16.11
374,College,US,2022-05-07 14:41:22,64.8569,-147.8028,39.29,94,75,1.99
375,Okha,RU,2022-05-07 14:41:23,53.5739,142.9478,29.08,91,62,6.38
376,Haimen,CN,2022-05-07 14:41:23,23.1935,116.6142,71.49,83,100,7.34
377,Te Anau,NZ,2022-05-07 14:41:24,-45.4167,167.7167,56.32,91,100,3.96
378,Rawson,AR,2022-05-07 14:41:25,-43.3002,-65.1023,70.25,26,67,12.53
379,Nuuk,GL,2022-05-07 14:40:20,64.1835,-51.7216,32.61,80,0,13.8
380,Lisakovsk,KZ,2022-05-07 14:41:26,52.5369,62.4936,50.59,26,0,6.06
381,Ketchikan,US,2022-05-07 14:41:26,55.3422,-131.6461,43.27,81,75,4.61
382,Vangaindrano,MG,2022-05-07 14:41:27,-23.35,47.6,73.26,93,11,7.16
383,Isla Vista,US,2022-05-07 14:41:27,34.4133,-119.861,53.96,94,0,3.44
384,Mandera,KE,2022-05-07 14:41:28,3.9366,41.867,87.49,52,98,14.9
385,Poum,NC,2022-05-07 14:41:28,-20.2333,164.0167,77.47,67,25,18.77
386,Udachnyy,RU,2022-05-07 14:41:29,66.4167,112.4,32.45,86,100,5.46
387,Changde,CN,2022-05-07 14:41:29,29.0464,111.6783,72.25,80,100,7.29
388,Ouallam,NE,2022-05-07 14:41:30,14.3188,2.0866,107.69,9,99,13.78
389,Crawfordsville,US,2022-05-07 14:41:30,40.0411,-86.8745,61.3,40,0,14.97
390,Poopo,BO,2022-05-07 14:41:31,-18.3667,-66.9667,47.17,32,2,5.23
391,Nemuro,JP,2022-05-07 14:41:31,43.3236,145.575,47.14,98,100,27.63
392,Dahuk,IQ,2022-05-07 14:41:32,36.8695,42.994,57.97,61,100,2.89
393,Mogadishu,SO,2022-05-07 14:36:54,2.0371,45.3438,85.87,74,75,13.8
394,Dongsheng,CN,2022-05-07 14:41:33,39.8161,109.9776,45.16,88,100,16.93
395,Khon Buri,TH,2022-05-07 14:41:33,14.5254,102.2459,81.54,88,100,1.86
396,Port Macquarie,AU,2022-05-07 14:40:12,-31.4333,152.9167,54.9,75,27,7.27
397,Crixas,BR,2022-05-07 14:41:34,-14.5489,-49.9692,92.12,39,0,6.89
398,Asau,RO,2022-05-07 14:41:34,46.4333,26.4,63.52,45,47,6.49
399,Meadville,US,2022-05-07 14:41:15,41.6414,-80.1515,57.63,67,0,16.11
400,Dunedin,NZ,2022-05-07 14:41:35,-45.8742,170.5036,61.81,56,100,1.01
401,Jeffersontown,US,2022-05-07 14:41:36,38.1942,-85.5644,56.52,83,100,12.66
402,Kazachinskoye,RU,2022-05-07 14:41:36,57.6953,93.2761,39.45,54,44,14.83
403,Balkanabat,TM,2022-05-07 14:41:37,39.5108,54.3671,74.17,54,39,11.27
404,Denpasar,ID,2022-05-07 14:41:37,-8.65,115.2167,83.86,88,20,9.22
405,Caravelas,BR,2022-05-07 14:41:38,-17.7125,-39.2481,78.19,85,45,10.27
406,Saskylakh,RU,2022-05-07 14:41:38,71.9167,114.0833,11.17,90,79,12.66
407,Dodge City,US,2022-05-07 14:41:38,37.7528,-100.0171,64.26,84,100,16.11
408,Uvat,RU,2022-05-07 14:41:39,59.1433,68.8953,37.9,81,100,5.26
409,Ngunguru,NZ,2022-05-07 14:41:39,-35.6167,174.5,58.73,76,50,2.15
410,Cidreira,BR,2022-05-07 14:41:40,-30.1811,-50.2056,66.34,64,5,4.29
411,Fukue,JP,2022-05-07 14:41:40,32.6881,128.8419,66.51,84,100,10.8
412,Malartic,CA,2022-05-07 14:41:41,48.1335,-78.1328,46.02,39,100,5.64
413,Nome,US,2022-05-07 14:37:52,64.5011,-165.4064,30.27,86,100,11.5
414,Kathmandu,NP,2022-05-07 14:38:47,27.7167,85.3167,64.62,94,75,3.44
415,Fort Wellington,GY,2022-05-07 14:42:42,6.4,-57.6,76.96,89,100,5.03
416,Ambovombe,MG,2022-05-07 14:42:42,-25.1667,46.0833,72.66,87,31,8.7
417,Bowen,AU,2022-05-07 14:42:43,-20.0167,148.2333,76.24,84,82,12.57
418,Clyde River,CA,2022-05-07 14:42:43,70.4692,-68.5914,12.43,92,100,3.44
419,Barrhead,GB,2022-05-07 14:42:44,55.7992,-4.3929,59.47,73,91,4.61
420,Jacareacanga,BR,2022-05-07 14:42:44,-6.2222,-57.7528,84.99,74,84,2.93
421,Bandarbeyla,SO,2022-05-07 14:38:41,9.4942,50.8122,82.9,83,6,16.62
422,Codrington,AU,2022-05-07 14:42:45,-38.2667,141.9667,52.59,86,52,10.0
423,Copiapo,CL,2022-05-07 14:42:45,-27.3667,-70.3333,55.09,57,100,5.61
424,Pangnirtung,CA,2022-05-07 14:42:46,66.1451,-65.7125,10.4,92,75,0.0
425,Belaya Gora,RU,2022-05-07 14:42:46,68.5333,146.4167,22.06,97,100,8.84
426,Sainte-Marie,RE,2022-05-07 14:42:47,-20.8968,55.5496,77.16,86,100,11.5
427,Burriana,ES,2022-05-07 14:42:47,39.889,-0.085,76.69,36,89,8.84
428,Nisia Floresta,BR,2022-05-07 14:42:48,-6.0911,-35.2086,84.58,77,88,12.5
429,Weligama,LK,2022-05-07 14:42:48,5.9667,80.4167,81.27,86,21,10.13
430,Vila Franca Do Campo,PT,2022-05-07 14:42:49,37.7167,-25.4333,68.41,88,95,3.51
431,Krasnoselkup,RU,2022-05-07 14:42:49,65.7,82.4667,14.23,87,95,22.12
432,Buchanan,LR,2022-05-07 14:42:50,5.8808,-10.0467,84.88,65,97,11.3
433,Zelenoborskiy,RU,2022-05-07 14:42:50,66.845,32.3622,40.17,88,100,8.77
434,Port Hardy,CA,2022-05-07 14:42:51,50.6996,-127.4199,46.4,81,75,8.05
435,Haukipudas,FI,2022-05-07 14:42:51,65.1765,25.3523,48.25,74,100,11.52
436,Sao Raimundo Das Mangabeiras,BR,2022-05-07 14:42:52,-7.0219,-45.4811,89.42,38,67,8.08
437,Naudero,PK,2022-05-07 14:42:52,27.6648,68.3622,105.82,8,0,7.72
438,Buraydah,SA,2022-05-07 14:42:13,26.326,43.975,88.25,13,0,10.94
439,Quesnel,CA,2022-05-07 14:42:53,52.9999,-122.5029,34.3,100,100,0.0
440,Ajdabiya,LY,2022-05-07 14:42:53,30.7554,20.2263,78.6,39,0,13.82
441,Calabozo,VE,2022-05-07 14:42:54,8.9242,-67.4293,79.43,74,100,5.66
442,Bharatpur,IN,2022-05-07 14:42:54,27.2167,77.4833,96.8,12,3,6.4
443,Hofn,IS,2022-05-07 14:42:55,64.2539,-15.2082,44.02,67,74,15.39
444,Mastic Beach,US,2022-05-07 14:42:55,40.7668,-72.8521,50.41,86,100,28.01
445,Kasungu,MW,2022-05-07 14:42:56,-13.0333,33.4833,70.66,70,47,7.4
446,Tarakan,ID,2022-05-07 14:42:56,3.3,117.6333,82.9,72,100,3.69
447,Coquimbo,CL,2022-05-07 14:42:57,-29.9533,-71.3436,55.13,87,100,3.44
448,Ivanava,BY,2022-05-07 14:42:57,52.1451,25.5365,61.47,64,88,5.08
449,Pedregulho,BR,2022-05-07 14:42:58,-20.2569,-47.4767,79.43,45,0,1.77
450,Semibratovo,RU,2022-05-07 14:42:58,57.3046,39.5369,66.06,57,87,14.16
451,Gladstone,AU,2022-05-07 14:42:59,-23.85,151.25,69.73,73,75,8.05
452,Mahon,ES,2022-05-07 14:42:59,39.8885,4.2658,68.56,49,20,19.57
453,Samarai,PG,2022-05-07 14:43:00,-10.6167,150.6667,82.6,81,100,11.05
454,Moctezuma,MX,2022-05-07 14:43:00,29.8,-109.6667,79.41,16,0,5.06
455,Tambun,ID,2022-05-07 14:43:01,-6.2641,107.0712,82.04,80,97,2.06
456,Druzhba,UA,2022-05-07 14:43:01,52.0428,33.9453,57.63,60,99,8.79
457,Portobelo,PA,2022-05-07 14:43:02,9.55,-79.65,84.72,74,41,3.47
458,Vila,PT,2022-05-07 14:43:03,42.0304,-8.1588,74.7,34,100,4.72
459,Rayong,TH,2022-05-07 14:39:32,12.8333,101.4333,83.79,99,100,2.84
460,Kaura Namoda,NG,2022-05-07 14:43:03,12.5898,6.5779,102.16,21,82,4.03
461,Kijang,KR,2022-05-07 14:43:04,35.2442,129.2139,62.33,72,100,17.78
462,Tobol,KZ,2022-05-07 14:44:04,52.6844,62.5794,50.5,26,0,5.14
463,High Level,CA,2022-05-07 14:44:05,58.5169,-117.136,35.71,100,100,12.66
464,Sri Aman,MY,2022-05-07 14:44:05,1.2376,111.4621,77.09,100,100,0.0
465,Ust-Kulom,RU,2022-05-07 14:44:06,61.6864,53.6902,55.62,54,32,8.57
466,Nsoko,SZ,2022-05-07 14:44:06,-27.0333,31.95,85.26,42,0,5.73
467,Ingham,US,2022-05-07 14:44:07,42.6,-84.3833,58.64,44,0,11.5
468,Abyek,IR,2022-05-07 14:44:07,36.0667,50.55,76.6,16,75,22.35
469,Limbang,MY,2022-05-07 14:44:08,4.75,115.0,80.71,97,100,1.5
470,Shelburne,CA,2022-05-07 14:44:08,44.0787,-80.2041,49.91,40,0,13.67
471,Manaquiri,BR,2022-05-07 14:44:09,-3.3167,-60.35,79.25,94,100,3.85
472,Gondanglegi,ID,2022-05-07 14:44:09,-7.7479,112.0132,77.0,91,40,4.68
473,Camocim,BR,2022-05-07 14:44:10,-2.9022,-40.8411,86.38,64,79,8.59
474,Guanica,PR,2022-05-07 14:44:10,17.9716,-66.908,87.98,69,0,5.01
475,Texarkana,US,2022-05-07 14:42:29,33.4251,-94.0477,72.84,68,0,9.22
476,Nehe,CN,2022-05-07 14:44:11,48.4833,124.8333,45.55,58,0,2.44
477,Comodoro Rivadavia,AR,2022-05-07 14:44:10,-45.8667,-67.5,66.06,45,0,27.63
478,Waitati,NZ,2022-05-07 14:44:12,-45.75,170.5667,61.81,56,100,6.69
479,Cuenca,EC,2022-05-07 14:41:57,-2.8833,-78.9833,59.13,88,40,0.0
480,Ust-Nera,RU,2022-05-07 14:44:13,64.5667,143.2,21.34,96,100,3.0
481,Ouesso,CG,2022-05-07 14:44:13,1.6136,16.0517,78.98,79,94,4.32
482,Cuiluan,CN,2022-05-07 14:44:14,47.72,128.648,35.22,92,15,3.83
483,Shimoda,JP,2022-05-07 14:44:14,34.6667,138.95,62.1,89,62,4.56
484,Pudozh,RU,2022-05-07 14:44:15,61.8099,36.5345,59.5,54,86,9.35
485,Mianyang,CN,2022-05-07 14:44:15,31.4593,104.7542,76.66,62,99,3.87
486,Marktoberdorf,DE,2022-05-07 14:44:16,47.7833,10.6167,57.72,70,98,5.75
487,Ca Mau,VN,2022-05-07 14:44:16,9.1769,105.15,81.88,79,100,10.2
488,Muhos,FI,2022-05-07 14:44:17,64.808,25.9931,47.98,64,100,8.77
489,Christiana,ZA,2022-05-07 14:44:18,-27.914,25.1611,72.46,26,85,5.66
490,Nouadhibou,MR,2022-05-07 14:44:18,20.931,-17.0347,73.38,68,1,17.27
491,Davila,PH,2022-05-07 14:44:19,18.4726,120.5763,83.14,79,97,5.5
492,Anadyr,RU,2022-05-07 14:44:19,64.75,177.4833,30.7,86,20,4.47
493,Khani,GE,2022-05-07 14:44:20,41.9563,42.9566,45.97,99,100,2.39
494,Zhicheng,CN,2022-05-07 14:44:20,30.2956,111.5047,69.21,70,99,6.62
495,Xining,CN,2022-05-07 14:44:21,36.6167,101.7667,61.07,38,100,16.11
496,Vostok,RU,2022-05-07 14:44:21,46.4856,135.8833,33.13,96,100,2.19
497,Hayden,US,2022-05-07 14:41:01,47.766,-116.7866,46.49,86,75,17.27
498,Salvador,SV,2022-05-07 14:44:22,13.8333,-88.9167,80.06,67,27,0.89
499,Myaundzha,RU,2022-05-07 14:44:23,63.0494,147.1858,21.69,97,100,3.89
500,Carrickfergus,GB,2022-05-07 14:44:25,54.7158,-5.8058,59.54,77,63,3.44
501,Bathsheba,BB,2022-05-07 14:44:26,13.2167,-59.5167,86.61,70,20,14.97
502,Longhua,CN,2022-05-07 14:44:26,23.6137,114.1919,70.83,97,98,1.86
503,Guarapari,BR,2022-05-07 14:40:03,-20.6667,-40.4975,76.96,64,6,12.33
504,Slave Lake,CA,2022-05-07 14:44:27,55.2834,-114.769,37.38,87,100,13.8
505,Mareeba,AU,2022-05-07 14:45:27,-17.0,145.4333,72.32,90,75,2.75
506,Raudeberg,NO,2022-05-07 14:45:28,61.9875,5.1352,45.95,50,65,8.75
507,Fortuna,US,2022-05-07 14:45:29,40.5982,-124.1573,51.66,96,75,5.75
508,San Andres,CO,2022-05-07 14:45:29,12.5847,-81.7006,84.22,79,20,8.05
509,Yambio,SS,2022-05-07 14:45:30,4.5721,28.3955,84.78,52,99,2.71
510,Darovskoy,RU,2022-05-07 14:45:30,58.77,47.9564,56.39,48,43,10.22
511,Makakilo City,US,2022-05-07 14:41:07,21.3469,-158.0858,73.72,71,100,11.5
512,Teacapan,MX,2022-05-07 14:45:31,22.55,-105.75,75.85,71,0,4.83
513,Vila Do Maio,CV,2022-05-07 14:45:31,15.1333,-23.2167,84.99,83,43,23.04
514,Egvekinot,RU,2022-05-07 14:45:32,66.3167,-179.1667,21.13,96,100,2.1
515,Evensk,RU,2022-05-07 14:45:32,61.95,159.2333,31.96,99,100,12.64
516,Garissa,KE,2022-05-07 14:45:33,-0.4536,39.6401,89.58,42,60,18.12
517,Novobirilyussy,RU,2022-05-07 14:45:33,56.9514,90.6661,38.07,47,27,17.22
518,Glomfjord,NO,2022-05-07 14:45:34,66.8167,13.9667,34.11,94,100,7.83
519,Jalu,LY,2022-05-07 14:45:34,29.0331,21.5482,93.97,10,100,12.46
520,Seka,TH,2022-05-07 14:45:35,17.9285,103.9552,84.25,82,81,5.06
521,Riverton,US,2022-05-07 14:45:35,40.5219,-111.9391,62.83,41,75,20.0
522,Shelekhov,RU,2022-05-07 14:45:36,52.2139,104.1,53.98,47,11,6.08
523,Nalut,LY,2022-05-07 14:45:36,30.3333,10.85,79.36,20,2,14.83
524,Arua,UG,2022-05-07 14:44:15,3.0201,30.9111,79.18,54,80,7.4
525,Mocuba,MZ,2022-05-07 14:45:37,-16.8392,36.9856,73.29,84,18,3.33
526,Tura,IN,2022-05-07 14:45:37,25.5198,90.2201,75.43,73,6,3.69
527,Teya,RU,2022-05-07 14:45:38,60.3778,92.6267,29.61,89,100,14.92
528,Riyadh,SA,2022-05-07 14:45:38,24.6877,46.7219,93.34,15,2,15.61
529,Tual,ID,2022-05-07 14:45:39,-5.6667,132.75,85.05,76,76,20.31
530,Plettenberg Bay,ZA,2022-05-07 14:45:41,-34.0527,23.3716,57.83,90,100,3.38
531,Yuki,JP,2022-05-07 14:45:42,36.3,139.8833,60.69,83,100,3.06
532,Gaillac,FR,2022-05-07 14:45:42,43.9016,1.8969,74.16,50,18,12.71
533,Tromso,NO,2022-05-07 14:45:43,69.6496,18.957,35.38,86,100,24.16
534,Sao Gabriel Da Cachoeira,BR,2022-05-07 14:45:43,-0.1303,-67.0892,82.2,78,75,3.44
535,Presidente Epitacio,BR,2022-05-07 14:42:15,-21.7633,-52.1156,78.66,38,22,9.08
536,Dobryatino,RU,2022-05-07 14:45:44,55.5055,41.3195,56.19,50,95,9.28
537,Pemangkat,ID,2022-05-07 14:45:44,1.1667,108.9667,80.47,84,100,2.59
538,Pesochnoye,RU,2022-05-07 14:45:45,58.006,39.1772,57.33,56,99,11.18
539,Muswellbrook,AU,2022-05-07 14:45:45,-32.2667,150.9,50.32,75,100,4.83
540,Guerrero Negro,MX,2022-05-07 14:45:46,27.9769,-114.0611,61.18,80,15,11.92
541,Oranjestad,AW,2022-05-07 14:45:46,12.524,-70.027,84.15,70,40,18.41
542,Angahuan,MX,2022-05-07 14:45:47,19.55,-102.1833,67.39,36,29,0.65
543,Margate,GB,2022-05-07 14:45:47,51.3813,1.3862,57.69,82,19,5.99
544,Bhadrak,IN,2022-05-07 14:45:48,21.0633,86.5054,83.89,66,0,8.16
545,Bantacan,PH,2022-05-07 14:45:48,7.604,126.1298,75.36,97,87,2.24
546,Geraldton,AU,2022-05-07 14:45:49,-28.7667,114.6,57.61,82,4,0.0
547,Nara,JP,2022-05-07 14:45:49,34.6851,135.8049,67.5,52,100,9.24
548,Alofi,NU,2022-05-07 14:45:50,-19.0595,-169.9187,73.29,94,73,2.3
549,Yola,NG,2022-05-07 14:45:14,9.2,12.4833,105.24,22,10,3.13
550,San Patricio,US,2022-05-07 14:46:51,28.017,-97.5169,83.07,61,10,12.12
551,Monetnyy,RU,2022-05-07 14:46:51,57.0472,60.8794,54.82,60,27,9.22
552,Zemio,CF,2022-05-07 14:46:52,5.0314,25.1361,81.27,68,100,8.46
553,Botou,CN,2022-05-07 14:46:52,38.0667,116.5667,50.47,53,100,8.28
554,Inongo,CD,2022-05-07 14:43:45,-1.95,18.2667,73.22,89,100,4.0
555,Abnub,EG,2022-05-07 14:46:53,27.2696,31.1511,88.02,9,27,12.88
556,Shingu,JP,2022-05-07 14:46:54,33.7333,135.9833,60.58,88,1,5.66
557,Vila Velha,BR,2022-05-07 14:46:54,-20.3297,-40.2925,82.35,54,0,13.8
